nwoiljwlg335475766,W9x[S?8W
aripipoia128310256,stY2rKZn
rudkdsvil656793083,D}Q#MR/;
eijqoterg875743025,'Vnh^-%.
ryffxncwc013781770,xy^"$L*u
pjbnooaux322732509,ZPUA^#QG
kzxqocluv367904957,rg3f0X[>
jvgoncpry125780077,`qp*_o4:
cgawualwc889231027,mvW7or@$
pqrjvmjdt854153527,dpZar%"X
fwepnjnzu462933692,a=Tqv1+5
anbvtlkxh446118942,z4T%fl!}
pmvfegijt507663762,ayKV'.)/
jwfetamfq470126674,l0mUr/T`
pvwicrmzu269928079,dXmgD#;T
xymbsobbq351697467,xkoS>|-#
wrjnsrarp360884063,:iw?Oc_J
vudppzpkd499297009,^->;G9E/
cygdrnahe494659715,M<V7cKI@
ahzhliaiq738108593,EP^|W_?p
rzyrnpwno025395672,Pix3N/3@
umpnkggxp145063855,m._,ixdZ
trblajlra290804042,p?_M;P2L
glkbplcxv011874762,jM`^&2(_
rorxvzdbh218152148,uBH5Kyig
tosqirchm750587731,<LM4:\Z8
fzpfrhrpb724323160,<qVJl0c!
qelhpkesk415424271,>zS_?3C-
xxsritntt693258385,oQnP,%_C
wacukkmyv199134353,tUpVVHrd
wcseebcxr275805195,Wm~vYg~&
qmleyeupn225255968,v,TuWeY;
ssvzimpab368942745,\G;)#DIa
errbrhccz741812029,N"@}5/>\
hawvhjaxp784744383,=i4!Q(wK
dbqivkaht632301909,r?K{FJm7
xwdcgodiq422643767,#O`TEyf}
mqyopcqgg647321552,QgdhPSk>
jgdkgkgci166359472,e12y\3G5
xbfnuhjjf866459920,efr7,Fa!
okrbthryy369814708,~9ije>;e
ugwsshxly786020300,3]4j3+~N
pvtommgtb017230308,k@V<]&*1
qcuxydcvl595060567,%i-\Ll%9
xzhgyscjm240730878,+=Mqherd
ownktooym573999519,ZCpA[u%E
mmfqwheca259296413,/889jQp6
qgjnfkokn577164985,$XbwD6Hn
plqtffbzs043883597,.0o6UNm[
ptdhvbsjx512304161,c<p-?{k{
fjwrajael252634385,4>3eK#ZJ
sfiqjoucq349445432,v/2:#?m:
xaedbmdkw598727308,5UYv|/Rn
kbgwichim856043368,U,,2n`"2
wmhxxmftu502296963,q#T[4A8,
zhprefbpx050839333,$2m;SbbY
vqqeqwpby119434494,VDxPQ&{#
rtxkwiwzz322515483,^)H=0lqL
uqyulnifu312682638,t&j)wCJ!
wtbiadyfz376037546,@W}H/BtW
pyqqcfnrt816440323,gax4XPkD
jgutkcmpe304303235,ET>,.70+
rzfsxugke571458613,'_!)#+2\
xoqhtaynn526712402,~+lWiN)O
yrkuhjujy738434962,E(>VsuAA
cixkhqlvi311128338,_}Y~0`)7
kxlmhilnr686022634,\7TWgtt9
nqljlvlbj940584845,/&i^{4^8
qsykeoflr566778781,)/@)d{eN
ohiowwxpx313386080,{b3M)@r~
qawqvsavd628598312,(lFjPi68
kxjxvgzjr511751547,.E/:SecI
dnvxksgax063373070,$|]uB1P#
dvckxvixh736311519,oTTGQSG7
zdeqncrls931003596,w\c0urq,
wsyeeolnd265234647,;#d)Pgx$
zausglyyh982127899,a.@%1V}k
qlbadnqjc272028293,4PDRkjYp
ymogrmqjp040499754,Bv@2A3~T
ruviqurmz904198084,j_cS3O;F
acpvagfxf213904241,j=3E7AV6
vneghzuwb356755698,Xmwe=kLL
bklgznbjn561382967,2@CVC@^<
frsrfbvoc804921727,EpZ\2[u*
hrkcnzqch647206659,rQ%LZJFd
nzmnemolo583081147,EbT\/W*X
cgbtocidm735305367,C*{6lFV`
tipztwflb316371360,m]5N8r~!
zwufmexxr196976365,mQTiY#l"
uebchiszi227599844,0TrD]uHd
zqlhdpnpl575819953,6VF%rUL'
ctnoitlxy787640335,g|n?$v_g
oyfjnsfuo048022758,1yH!m._G
hkfouzldu252753133,g=c5Go0E
zvibjuhez222906455,h-k)oe'{
bwzrsswsk953818870,;k*0O{NN
yynlhujyr343705635,q^3n{TY!
sgxtqyfbj274427908,kHZ_^6B}
ghkawgiaf565509942,$(<L]%4~
roxvipuuq222956604,NHT-d)Q%
vilwdfcid569723665,8\kEfW9>
gmgysvtic138685891,]e!-X2_c
zmiyobaek236983337,WZ]ql%^f
ckaqciswe534434117,;>&k]"*'
qypptegqd060634151,[*a'la2s
mgrmnuuzk444887606,DL8\e5%=
fkvjfbrwg122442172,i6{Kn',s
ljnsttlxx526806224,0Ckzv]HQ
savukrits082704819,>/5D^Q.N
zuidqydqh629236117,?Q9s2P/x
qumltctkj987744155,m}Z6`~LZ
znoxgtjzg771365930,(\Ve8c$j
hxhnxvkhj654172924,v3bw]P`\
vkhexsiyx913636439,cW/$^@ci
ttnvclzcr625700004,^X!LM<l9
okfmamkcw964264517,f&D+Gba>
zwmsaeqxu518442640,~#dd`=f1
accpldkkk072148182,Wn;{H*Vb
wzijhracy001390286,N@`X:'Hs
hpjqpklqz388427675,oaT'V)qC
jukxioeai302591411,#sIt>Kh#
djzrittqo560660388,O_1s!Z@?
eulfgyrco424831603,d)-VF'd7
ngjnwwjdb919347128,2v`$e5(}
rhnmboizd945471851,,J%#;?'O
rvmdlxyjy123365206,g^#Si$NE
qeyjaqmmn041211554,pm.Pa**+
lwxbtijsj923937580,@zVM\y7+
dutyymkpx874742552,P(hR8e)7
pbnenonlg225085888,pLzGt8fb
linqbrzzf570974215,uXxmd]L\
rcffbzirc591401775,+|~)|eg]
dfvuhaxdq196228127,+=y#A;aQ
pxuswaylc537442782,KeC}Fv0m
iobamhhpp095092500,AghktS.F
xnkhmexax644193279,}\D\>OL~
gegnfauec412380172,NA#}]x,p
wovzzpwqu187273506,~Lv,qD|t
poitwcmxk949952070,8|4hI)5t
kvxmpvjmy049412311,~n5NtO}y
wpyfwupma885302585,%MT{B<$2
zrulkaqux665202629,y}+{$bjy
yjkazhnhs924751665,<mPDyd/9
yuwgyvlpz531447354,oU7.$Kq"
ksgpiskah411925413,m+Er&IJ4
lnnjcphrk294106860,qV<yyiD_
qtxlpncju628072473,k??Z^,Eu
jezafybig359054640,:IHi{E/W
pmtsfbucx335104322,3=5y7{Rk
mfjpliqdy026701627,$%7r6^*-
cexyqgrnv000541887,8\10]XdU
dzgyeqfvi814658956,`/mkb/6x
iwjjrfkvp863605972,FT8w/mc#
dmxvhvavw667605991,/x(px&%(
ubjuayuol142838300,u#55<`6d
dhhigfdrp003993897,$ks,8:uK
xpqubpqml190365782,A64{LQ8%
dmcbofllk147404083,R-c]LXD|
epemjzshx433084591,^,L#l4";
zlwgdgujt423591581,!X(.cF_n
exsncpbhn631549740,%EotyCRK
qnztfuyez543121654,NG/$:MHi
fgxcdomym335486263,49F]svQf
sdeluzknn477284331,;H|DvL+r
drdeiyoft336401137,&Pifl"9Z
ggndzcwfg814584677,2QGPIHKc
zzaxbutbc077613712,@_b%_`l7
qulmwwobk639633820,*]!uADax
biufieaho193700321,m.EFIGkS
wbvoqbjge175635516,_Ltwcq2d
kqysfvxkn855778980,W(QDJwz7
wxbumggem165902572,tG=aLSR<
fazkgbtzi106500840,wKYs1wk&
rdsrdqapy020812948,P#8{<QLN
hkpfsismk792566960,hc0osscp
ajuydbwhh275086900,n#+Z<&6"
ksechymtw374575165,$W}eUdNF
mdaezequf107090747,t%=976|j
gvyqgazhk610558174,_X(JIPB4
uyblvwnst535180667,PW/N7~WJ
hpacrdnkv061735832,M`fO^e*+
kekqosmwq190100396,(M2xUTW4
bhxgmfebc068873292,/r{T;\~{
jaqncivpg670583246,W)U?tMul
xvdrbqiug580491498,c97!._g=
ookojxufu517509624,lzl.k*i.
limkmtzbu048677316,.a\qguuT
ulcxezuty768452090,T8MCZ/av
pfypepwwf408388372,O{7z=<j/
kbvtbkqsm986250155,XHp>zyAx
pcryrfqox346009702,Z7Sub?y}
pvotbmapc722529556,d0LL2:'d
lcnfzomzf504706849,Be*.!9IA
scgmjocco441795336,#D3#8(2p
vawkupurc665642000,uqhZI[MR
swoxeqkvl502041740,nuVfoo}J
xesqphcxt311308425,4\v9AV,]
trevhfsxp865118933,00AVav})
wtyfxzvqy182228006,NNaU0S>/
rtxsykuuj083225937,HI-`{Gge
uezhhqhlk766031842,T,/(#U?(
rggxsvnet595750553,#X~'Lw5)
wfbitixah723089753,?/JyxKZR
drlwgbsal310986342,)'RMN~kV
jjsiaatbv503704171,>>-gs06f
vvxvrxqoa929297297,*miB:}3h
kqctxlbpl224849267,8n-jj"A!
mvaxdjptf060828581,v{Kxg'Ag
pefnqjvpt183847580,8uu"'Hj?
vbcbmtjdr493775363,}ixE(hH~
iydwhfbbz136042787,k.a,wMo1
vylbliaqg799464407,_\fx'=](
jefjciuqr838709950,Ih,1cZ73
wxshlynxd425760448,.?-@)*'7
pptmubcsi938834214,-?^)}qBI
dhzdvevlj173216719,3:sR|lo2
rkctncgdi714259121,?*xbqc+c
iptnqljjy392487684,z2rwek-\
wgjwyhrpv766342322,6:Zr+ptC
josropzsw696951073,\_eaH\UY
zxqcuwlww850902901,Ckd9m+35
baweearfr922238539,DqDSlA"E
kziofhavl882193302,0OlAt;_'
xbziybrma423995870,Y[r}z8A,
bvxdwtowi893539575,bWn/hMWr
waiklsbbl313885870,X_mD>rCZ
wcmfnhmuf834440633,0{GCOKnd
sbbrnqiau120369377,8|8@8:jQ
nratdzkry157588667,,,L|W~~D
axcnrompr672233702,P]ydeZM(
gzekirydu926900006,^n2Tjcd,
hpeoizqjc884305533,2\]%ORU6
lizhyxebw950552010,6[a*}n-/
iiorotvtn411465440,l$`9+.DJ
yfphtbptz487407233,hA(G&*|b
dpevhurua655324149,CAn~f]0_
tyilpyhwn463823747,K-Ly>5xz
koipxfyrb541646132,jLL%KqWa
eotzzozab172952819,ZHo2l6xx
hlngbipxf718159424,VR(]D7x1
bnzfnuxzo017267496,I\/hc]x8
glnvakxyr080818500,5n\P#=7K
eafkwodlw788038088,Vp$#y+e&
cozwdfhwt458237614,Z+z:d2$(
mvdlrxktb117022728,|eR+p~'i
zhvgyjwtw245103618,1mE*}vw|
tymzetygf625656870,|[6&Tvw#
mqofqnzah744467964,i`MU2]i3
nzrmpplfs596471237,@YfWV.&c
xadqdulug917785068,0ZR^1x1J
qspavkews056596718,o.g+0JiV
xkktaymvn771475372,#(ro_|$M
znremkrxf382617733,5Za:RZ[-
idjddhesf317231096,fY/c^Ade
lqkbesrrj122752739,d?|@G":h
apykztedb661204698,nkGZ]co3
yxergzdxn685428203,!oP58P<A
ieaxtukkq659583540,k_9|vI*3
lrftvslxn448387742,39ki@L(%
nvzrnqusg438990733,VP&*J:*Y
satfomvve834865529,#G785y_/
joabuumal556233072,q3F.'t<w
mibyqtknu029232777,MTzeIk(w
astdrkfht144850139,RM]kRb*J
yymwgowea245888696,[{o[FkL1
gwmxzzgdv871521221,R\!m)?&J
luvoujypd410192939,;&8&FF~=
gumbjmgfq766116821,&,F9[xsd
smiqgbads987368127,h4268Rlo
bwauwqexl050022137,FRNf4\w%
rwcnggyby307126579,|~JYwUZ/
nxznzuruv307998071,:%>~i}iZ
umxdwaiyp103789290,z@E,\KG<
hpejkuwee998709276,p?c*/]tF
ioditndbn468360115,%v8UvP&<
ukxnwiaep327526295,ZN~F\fTc
zcrpmsdfo074561667,@@-KEVC[
llbxlsopy158167535,lOK2sLu=
svkhcczsq742011931,Yl~g!+f-
dkvfookdz881567957,7C_jKx'3
ogqejaggd792929638,R=3NwtS?
slklnzobq211635049,:hq?[gnW
pweyzploi213954668,A'"5$*)|
peycymgkv454131164,YG5vA<"w
xklafqamm733366497,4.o!F~|5
lseesghsr603265025,RRw>nE(N
uhbhtbltc776710486,rv#>Yf${
dejhjwmqi665696231,k\?G:b.0
bcspkghds012262300,gJ0S\)h-
hzurrudsz835105751,Npe,|+qk
rijhslggn303392704,w`mhI5N3
mjmcsmvqx285438975,Q-X(J%m:
dacktkpro891824964,xm<`$'oX
xhaakwvvl620558770,n{HY=kdQ
sqrhsgamc619029370,T(`l.zQp
kubxhrxto212096673,CX#a*|tT
dkddbiibo708815890,,YHKv]:&
hkdpuxvlf404595230,*w3el>,5
lgiimypxy357596385,\Sqiw1k/
uwphzqtno915389490,Vn$}!:jv
ljyveoktb766913726,09c|cq7(
zjdiqtqim932622998,*f!p<Y_Y
enutzjuax442331786,SivZoKG0
xrusntebw567940085,c%\R7XQD
fampqbkia256253149,;n,t(9~p
mdxcrpfef327012511,|3O2NLKB
ieygdlyoa716218581,;Uv"@dK-
bxvgnlsur767731210,QT6GZRcI
qneekcufr137059543,l"XKPOSZ
krrfmnaab332549708,5.CDO=w6
wvybdamts118650310,:3ExPXd*
leentdfxg704664310,fkp#=lv[
apwttsbat183786356,\JXrC?:.
hvzvnrfex708262931,cI[Jlhj9
tijvhgicl345683973,&QEa5Y%y
rjtjlqojr774656122,b'erBr-7
isgoeczvh277398280,DD*qcHp_
aarulriit044663902,ig\?OI>H
nfejrdmth397473838,RPl6%\hy
ugscapwfe904679890,_+y\JO_1
zyfquenam624041655,Mhm7iRzH
dinbrulwi827723791,,7kTbrQ,
fpgwbngqa238648029,Q,b1.`-=
biqgtqwlz983225328,?Il&}S$)
zkmxonerv772371689,>;N-<A6W
mndvtitrv839416706,9)isXgQ&
jdlotltyu914035302,'`e"0z;~
jhelfwuuy725354352,}v&''qxj
qpjnxihrf538532859,5|T{AFsJ
ppnyeaixk180015539,A3siygBC
fxtvjzosl560971012,ij<OKh6[
sugumnndl553942574,PIr8NuEl
ioefmsvpv709411614,I)r"T,h%
pecjwfafn805476017,\{34A9W\
dvpbpzhrn584957305,[N<vHKpj
sbgrtnwjn897525488,lo-$7+$:
jvujysgrc444611493,r+P5BH^#
obeaqngbq985934417,eo:S&Zrf
dghajnwry309628418,M\~.N*t^
oevalxatx836862845,l>9)OQ_,
odgukuwqu313457939,r>F~NB<t
cunchpazw558624053,jb+rQY6@
vuslpcbng790607249,6s167.Vz
faobumlgi084818337,]Vbe+<Xt
gerunlzgc455146477,d-l@`}11
iugttgsqm693163574,3AHKo*6;
ntvseykco801481879,R0?#nEsU
qqwgcuiyi329737023,77"c*N+o
cspalwwcs015163334,y<[Zg_6U
skzimfgcb448578631,8tE4uOw*
zdlzlslys914801555,FQk&FC(?
jriudviqb898760691,>I.@YY,c
ddzklrqys777272389,h:b>bHVr
dgtytkbhw639832694,=96bJSlI
hcfiwvbka814879489,oh&a5?@!
dfesaziaa776527338,]RMj]\;o
jpwwvjrzh494533116,$T\Lh&XA
fkcomsuzd685837431,;Dy)/C#'
gvhkejzhy056071677,St4<:V]Q
fyeqtdwmw390437441,^ma&,d0*
ycohspdfm231114856,\q2.Z0Mt
zrduoiktw685925007,1*Q6u4^{
nboyyrjiq268782576,e)z`.Si<
smetcwxku115816776,`X#v=ARO
ghymmcrfu977895941,cPzCtnNI
ytvsoadlr172701967,""8TS^2P
yyiqslbwc698854345,MlWM|xqa
lmxikbuei572681010,{C<.P%iT
htmsosjvk670238463,dh?@^RwT
dnenyikae916983955,Kd4_,J6e
unposqyln390660114,AG%AqfB)
wyabcvnbt305935486,MteZ45[$
ytsccgrng278576159,~7phVO83
vslmdrtad536465355,R?k|k^RX
bkqdyvzyv031137391,Nvu'+z9)
xvpzlxqxa052272714,+xI}SLoE
aoiqenbbi018931866,V>pcr!d8
xfwdjgisn704364388,~nJuuWiM
cyihtzcut416855639,j+#{>gsX
unutfmaym988426841,I"{7WtAz
udbrmdpfy020028938,x|56%x|L
ujpyhjzaa315445823,HU@MV'LS
ojzjafxtr417550247,d^'%JiCE
yvyfigxkt660401035,7dt{eSSi
dusrhiekk357591344,J"RT=2<$
xzkywkofz149362277,P6zCJ1{l
twpwjzkie925717495,0/ovuR47
kprkawwpk092076049,Q4us#>E%
rzihjujfb603146741,-<*qAfZb
ckccfafxy296568635,s/YM|D#S
bctqofbii723138860,&_1+R`W4
ohcdxhuxd654284543,e{gh4@Gt
ezfwihugj739218497,9Q]}$1n<
mygmhezof639902677,eB^/M-J*
liawmeyrd911303551,Qbd5Z'#)
jpostowao142595941,srVak6$~
htaqrcpjs934390359,rz6Zd!2k
bwctdnuzv120117237,IwB@laln
iecpmrwpz321079103,(V>ZKj=1
fcixsadaf654912652,-9WEA$TQ
ceykxbmev158387948,1f"Cx[7|
ozubeelxd914384742,WbB)?fmr
jyrwhbqga241805947,dALoD9g*
wjxbbrzim954146143,Ma!RL6B3
xrdqgpvdk105228704,Qha6Yr6k
uiogopftg362748267,Yrdar\kW
qnmkqhotp315788905,z$+v_T/t
wbiveuvlt476164617,x->`cu`x
xyglljlyg810081293,9v0g_xJ3
jmqvhpvaa266895126,/SQYlS!C
oeiktfvue056843388,'TuZV3B"
pwbjezwda106424210,)%&;xq'U
hgnrjvdxm028511685,vkd>*\kf
frkfleyli072994354,y0:#ILfR
dxyjiyqhe330806196,luKOJTj>
jfktgovwl063822492,p.Ym$}*S
mtzvhxudg592268542,*G,9}wi2
okxariova102220834,<"x@heR]
ydpmzbvfb835467425,*Ck$;[}D
bvympbqun687331088,JqWf'1(8
lrdsqupuu792004939,&nx'-S6m
bhjmrkyxi104915267,qJ+}_U*&
katiwmbea872434383,Q6MFGP%~
vxgaxhcsm985765137,q/(Dq8&\
sfoecaqjw842032937,F;wHpS$Z
awcysiqpt032557261,,2le]+Ie
hnvdijsya717680274,^i-Ls|y"
hoxdcyhph150398754,7/~ZcqN$
wwvghzwgy896718413,OT?b'1LM
bbopfwsft805065206,6Pi%Po#-
wyqsodwsm506647039,+Qm`&KDI
twzrmwgvl049804570,Oe'h{zOt
somyorviw870029238,gG@8c\un
exieecyzi312496610,,x5,E7~P
wmwthkkmv141115539,P+rk)aLf
hrglmndko094953421,m0iIZ9u&
bwxovbjnj657042550,*iu#,C3r
munhljcau672273182,UM}EO3:G
tlrujnaya484448848,)`>,_2e*
pamhzxrxg066857316,aU2'f1|v
lujgwearz047709923,F].p.+yL
lvggspryp929351877,I3cFD9'q
pkszbyktq482059350,:daz2sTa
yexhzvqqy548063567,.NrF\P"\
tsdhbyctk688380482,BZ5FnF/w
rfbgrudgm926137815,U/eh}D(@
uxtwolwgn683511306,A0l~ihxa
mogkkjrvy003331489,HeEPmMwS
onyuksqhn617773762,r{+8SsOt
zqvgpyfuh170066428,<Y.uNTri
komvhlwsg387397277,t14UYad6
yzjgfwcpq298062904,P)DQx&'<
lddkyeeko770563704,<pQL;MSe
wlzglvihx919770873,Ubk.G)fM
zdsiqyemd440519438,!6O#v0?T
guxvqraig007567416,m9V*(x|S
vhtpioeub301188346,AM>Ri:3D
nirrrszup081465484,\k$g%+5@
oryyrbijc009400127,uVe[>oi6
lieiztwmi978054823,VxyMk+:g
vqbmxbboq086241869,c{H.lGZ0
vkyhqeavp699650447,HTz0\q}X
eiouestmj651162204,G!W`0J.N
bwbjrznes549872280,v/'u1R^V
qggkgbiab040570094,GFOdcX}2
bgazmrjip242590732,qO2Jm#^E
iebukimay460195707,hv\V~'Bf
buuqmmkrt226894545,w4T;U5O[
tswqenfxx084117935,y/"h/gm{
tfmszopee506321326,`sCoV@JM
gyngudglp684513508,\|p;r8ZC
mmblhepjo536673962,dnG]F2<\
ncikrxdqw954773874,/ub5@kTj
qgiqwamob502316414,=O:AAnNn
vgmazvcgq948213308,#?juJ{>p
ihsvtshpi103745957,%*d3jext
swtxzexhb421711405,ym3zU*]1
nsjeyzoxe498191897,EfGH\t>P
cjpppfdqw531760718,N^.MvX<F
vuzfitxcn439425809,z25I#dm~
fgtggiiyy441702805,p<!?#R-e
mwpjvejpc577102333,mNV`D=6G
hhvhkqqgt152532836,MV1`r?[*
jyjlikodz635274140,($TC`(W!
sbxvxygqk944270669,G]"r^lr^
haumedhfp240237055,+&eM;Z`@
oybmtfmhh399866264,vonJ&NY0
uglzzlsom038840306,)0NuKJ%L
cbdhrwccv573371535,+(zIFnmV
azrouxlbz228513730,pvg9)Ock
huaxdklcl857430826,0o./dXpA
waozuwuth202842366,dnNBwGtm
vxvahmdst457119895,aQ%/l(8#
swythpkmh780647845,YVW}jl8J
hvwfmlczd235916076,}U5QI@{)
spmmwqcpw147579744,DupIq]u$
eaqlhxxho182401139,V"6C{+)<
fzfvcokah949348189,L=CN3D6]
hbhlfnaic791841471,Tqn)O!)R
vmayhkpou348742594,2IPYu..h
