last,first,phone
Mangano,Kristi,966-765-9234
Matelski,Valery,536-555-7686
Kraichely,Shirely,269-292-0561
Lenherr,Juana,958-850-5971
Credit,Jenell,486-203-3549
Cammarn,Lakenya,265-819-1770
Reiniger,Loise,822-648-9865
Pilato,Doris,399-729-7331
Sautner,Myrl,925-762-8678
Florestal,Maisie,805-661-8403
Beverly,Frankie,700-279-2457
Coby,Marquitta,666-419-8157
Macnutt,Merrilee,527-824-0042
Eutsey,Shavonda,995-985-5071
Cicatello,Stephanie,957-702-2410
Gjeltema,Tyesha,666-419-3031
Erkela,Tarra,770-871-7153
Burriesci,Kaycee,537-512-3200
Bedore,Elissa,424-256-5894
Granda,Caryl,223-212-9717
Bauchspies,Florine,824-219-8106
Konopacki,Obdulia,377-959-9741
Lagerman,Debora,591-784-7306
Wehner,Jaymie,897-672-9201
Pagani,Barrie,343-576-6621
Vizza,Yuriko,643-279-9664
Sures,Raeann,922-379-5226
Whittier,Liana,420-657-5085
Archdale,Bonita,496-620-5821
Giacalone,Sharleen,399-326-5087
Holyoke,Sherlene,966-524-4220
Sabbah,Gricelda,433-374-4599
Freeland,Elke,856-863-6777
Acre,Merissa,277-205-2824
Simonsen,Dawna,989-638-6478
Vanert,Marva,828-369-5925
Schuld,Lashawnda,838-745-4772
Cotter,Avril,510-494-9172
Bartolotto,Florentina,596-904-5653
Mcwaters,Rosalva,255-388-6192
Linea,Amiee,750-557-5757
Markve,Heike,784-434-9145
Mode,Afton,572-877-4199
Gorder,So,866-733-3708
Ballester,Cristi,223-800-6688
Vanderlaan,Delcie,262-561-6041
Simkowitz,Tomika,799-381-8741
Flynn,Dionna,456-204-1482
Dalhart,Petronila,256-367-3712
Riekena,Jeniffer,869-922-7262
Brannam,Norma,323-547-5195
Bakerville,Georgianna,288-239-3235
Mangat,Irina,543-771-5663
Matusz,Sharmaine,692-705-2824
Hawke,Leota,467-638-7872
Sarazin,Barbra,885-862-1761
Tressel,Luz,558-898-5439
Kristy,Rosemary,510-914-6100
Schmittou,Sallie,528-262-8814
Hazard,Kimbery,662-746-1405
Eisenbrand,Rufina,833-533-9862
Yasutake,Sanjuanita,518-743-9108
Swehla,Necole,704-911-1699
Bocchicchi,Sung,674-750-3107
Creedon,Talia,761-848-5438
Bietsch,Elayne,423-594-8188
Corpus,Albertina,908-777-0848
Jendras,Debera,632-492-7176
Aue,Claudia,543-696-9601
Leiner,Shantelle,476-586-3230
Gramolini,Alisia,639-467-1871
Kohls,Ai,907-681-0756
Melear,Raelene,689-585-0196
Tekulve,Dinah,399-451-0431
Truman,Asia,208-260-9801
Speedy,Astrid,342-295-8355
Dodgson,Flor,705-427-5846
Criblez,Minna,359-751-6019
Wallbank,Judith,291-499-3373
Muthig,Arlinda,699-340-1432
Massari,Alayna,306-233-4663
Schremp,Zana,415-814-6826
Flitcroft,Jaimie,626-508-7916
Helmick,Necole,807-494-3903
Maddin,Dung,594-241-2407
Extine,Salley,753-603-7714
Gevedon,Rosia,885-561-2175
Rammer,Vanessa,988-843-8374
Wainright,Arla,482-320-7797
Animashaun,Jenni,888-615-1321
Radulescu,Zoila,632-805-3414
Wilabay,Zora,362-332-6683
Ishikawa,Mickie,393-305-9815
Cowboy,Laverna,423-973-9347
Cantua,Bennie,637-316-2051
Patrice,Otha,989-704-4439
Thody,Vonda,353-330-6995
Isby,Jutta,965-497-2503
Fillingham,Juliane,451-946-9515
Levert,Edris,460-886-8181
Myree,Jack,662-466-8627
Reasinger,Moriah,669-389-2709
Pietrzykow,Julietta,613-871-9033
Laubacher,Sandi,427-434-6413
Soulek,Ayesha,237-386-2156
Wisenbaker,Verdell,756-386-2143
Gerpheide,Troy,593-836-6978
Palubiak,Bee,426-374-4083
Mcentegart,Vincenza,457-788-5067
Claar,Consuelo,282-551-7956
Turrietta,Valda,876-347-5566
Hammar,Coral,972-456-3578
Phillip,Viviana,397-330-4094
Mclure,Luciana,740-515-1971
Howorth,Erlene,252-765-2985
Leaman,Zenia,632-512-4067
Istre,Mee,277-571-9368
Boetcher,Christen,679-308-4999
Gingrich,Shaunda,308-367-1202
Norrie,Camille,516-720-8192
Killoran,Renetta,515-811-2942
Gildemeist,Hilma,970-533-9834
Domitrovic,Sharan,393-784-5665
Dearruda,Aleshia,881-601-8694
Loreman,Marvella,362-699-7066
Valerino,Kirsten,319-633-0991
Detlefsen,Elza,653-671-1207
Getts,Carley,796-541-5412
Willians,Inger,487-864-8521
Riseden,Jerry,833-381-6126
Deuink,Claribel,751-256-7386
Creggett,Van,524-785-9406
Kury,Candyce,743-434-9324
Glowka,Sheilah,668-352-7946
Prahl,Stefanie,679-429-4187
Untalan,Inez,328-540-1313
Cerrito,Lashanda,544-908-2096
Bowlen,Matilda,483-525-2605
Delgardo,Emiko,561-670-0918
Betker,Anette,916-826-4563
Horrigan,Ashleigh,631-628-9344
Sandefur,Angelita,589-505-5570
Meche,Clarence,688-385-8356
Balford,Letty,628-444-1766
Forsmark,Mireille,519-237-7033
Lundholm,Kirsten,316-976-9386
Allums,Sherrell,398-638-9061
Timar,Dong,569-359-1154
Vandygriff,Shera,787-759-6113
Osullivan,Matilda,486-648-3769
Vasser,Antonia,970-992-1735
Stumfoll,Araceli,425-677-9391
Coyne,Cayla,569-319-1576
Casuse,Loma,668-634-3123
Koelbel,Zonia,475-620-9997
Yeast,Vera,972-538-8471
Chowenhill,Jolyn,613-546-4028
Nellem,Clarice,713-250-8608
Stackhouse,Rosia,810-444-5159
Standley,Ariana,408-390-1339
Hack,Lelia,251-945-6508
Lasley,Tempie,865-488-4615
Weichman,Myong,544-643-0172
Doornbos,Jann,635-249-2523
Labella,Fannie,565-883-3955
Scaife,Marth,530-457-0976
Tunick,Ruthanne,476-204-7871
Lauriano,Junko,827-847-4518
Haris,Rosamond,339-703-1826
Francios,Rea,887-324-2721
Acerno,Marget,503-548-9039
Elliston,Maryetta,276-316-3671
Autullo,Betty,576-931-9238
Gibes,Ivy,938-430-8229
Pulgarin,Ronda,760-456-1549
Britsch,Ricarda,320-511-8425
Werremeyer,Gala,846-325-8852
Kamphoefne,Dovie,945-856-8140
Broermann,Sherie,748-426-0464
Protzman,Lona,574-951-3061
Bacy,Janessa,608-599-6268
Qualey,Shaunda,361-377-0182
Stoneman,Flora,755-547-4414
Gallagher,Morgan,577-478-3301
Pedraza,Kelly,414-637-2677
Decourt,Signe,209-692-8830
Guarracino,Karmen,296-759-8724
Pauk,Terri,871-823-0304
Akley,Juli,872-590-0330
Pannebaker,Donella,448-477-8707
Ober,Tamika,370-451-7656
Whitcomb,Yun,646-201-9992
Frenzel,Jacquelyn,397-692-8733
Quisenberr,Dee,433-492-3486
Eaves,Kaitlyn,546-683-8632
Mclyman,Gwyn,637-492-6199
Magoon,Danyell,274-897-8885
Covitt,Joana,868-287-5761
Didier,Ivory,379-563-1263
Goffney,Liana,701-553-5776
Mcamis,Shondra,900-892-0322
Fogleman,Wilhelmina,863-669-1599
Ruthers,Evelina,436-428-4567
Mcnee,Audrey,444-368-0171
Parikh,Reva,837-607-8110
Foxman,Eloisa,539-331-8471
Cutty,Celine,394-694-5631
Kopel,Latasha,450-265-0353
Tomory,Rosalie,440-397-6766
Andreula,Emogene,462-686-0562
Desantis,Abigail,813-572-7719
Algee,Erline,853-932-5583
Doussan,Van,720-332-2323
Mussel,Kayleigh,395-788-1978
Mceachran,Sachiko,492-709-7596
Haugen,Hailey,841-953-7340
Anolick,Amira,778-913-2664
Wheless,Nina,893-250-4364
Niven,Roy,969-233-4676
Hostler,Gilma,938-983-9013
Franch,Tommy,870-206-3871
Buchholz,Selena,605-798-3118
Vaka,Shela,582-270-3731
Barriere,Malena,801-986-5861
Kahan,Karma,602-413-4475
Faine,Theo,766-275-3368
Zike,Dona,781-400-9142
Ralls,Nobuko,286-492-8697
Connor,Iesha,401-215-3868
Tei,Aura,464-583-1601
Earman,Caroll,844-265-9623
Musgraves,Roxann,674-821-0825
Saraceno,Magaret,294-576-3468
Dhondt,Dianne,790-858-6126
Nedrow,Tobie,840-921-4886
Peard,Marth,994-933-2958
Catania,Carmel,836-939-8147
Introini,Marilyn,713-353-2118
Laronda,Carlota,802-714-8823
Langella,Audra,529-443-9535
Henkle,Shantel,400-362-7618
Headlon,Rea,325-230-1737
Delia,Sandi,462-633-6397
Trundy,Camila,708-302-4499
Ferniza,Rea,355-511-2993
Wilderman,Jewell,307-956-6467
Mundwiller,Maybell,533-890-0427
Dufford,Dorie,989-246-6380
Colian,Dierdre,523-731-2742
Grassia,Eugenie,982-795-6436
Kazunas,Avelina,402-478-0207
Sikat,Franchesca,530-438-6419
Erdner,Lissette,873-772-7135
Ruka,Sindy,436-859-7648
Bartlome,Lauren,256-668-0204
Mourad,Kitty,530-283-6099
Schuchat,Shavon,639-998-2994
Bivens,Otilia,814-803-6769
Herbers,Henry,246-251-7292
Davydov,Gloria,473-772-5511
Kinsland,Anita,870-972-3345
Eversman,Johana,973-628-2380
Muhlestein,Buena,705-496-1444
Mullet,Pansy,255-600-0770
Bossert,Kiersten,844-549-6455
Caplin,Marilyn,381-335-9593
Semon,Annis,961-805-2974
Schneeberg,Lan,931-798-1723
Frese,Susannah,439-224-0766
Folmar,Jenee,577-500-0245
Alvirez,Clotilde,627-543-5379
Jagoe,Aleen,272-991-7220
Revis,Patria,676-693-1227
Hoppesch,Venice,649-852-1540
Milbrandt,Sharen,759-511-1033
Rothhaupt,Carl,827-466-3691
Kucel,Doretha,584-234-6703
Tollefsen,Awilda,342-632-7554
Shepp,Alisa,467-261-4559
Kaufman,Toshiko,710-828-2759
Castells,Hong,974-955-5245
Giannetti,Regina,956-482-8851
Fodge,Sanda,783-616-3667
Valdivia,Dede,359-873-8275
Monetti,Mafalda,626-630-0721
Sumrow,Arianna,778-285-7719
Puccetti,Madelyn,331-899-7335
Stayrook,Estrella,364-772-3994
Kabir,Brigid,355-597-2835
Stebbins,Drusilla,418-740-8251
Hickingbot,Tenisha,943-599-4900
Letersky,Elicia,268-763-5902
Witting,Josephina,324-491-4039
Chriscoe,Karrie,370-359-2977
Ander,Annabel,680-460-2775
Meadows,Eda,906-661-3237
Jeoffroy,Dominique,613-332-8262
Jurich,Malisa,817-761-5580
Justak,Drew,977-553-4337
Ditto,Clelia,872-821-4018
Lemond,Jewell,846-342-7853
Steeg,Marilyn,727-351-1988
Munkberg,Kaci,420-864-3436
Kludt,Shana,830-886-5680
Filary,Tamesha,459-573-9203
Fredo,Cherry,552-591-9185
Honsberger,Alyson,892-879-3597
Auger,Latia,621-653-2987
Cialella,Tommye,451-810-5516
Thackeray,Blanche,401-669-5028
Other,Jaimie,471-639-5611
Vijayan,Ashli,913-570-9289
Vernoy,Suzi,204-276-7883
Basket,Latoyia,504-537-4952
Blumstein,Zulma,981-621-0967
Cottrell,Willetta,566-380-3060
Sacramed,Jacqueline,619-903-0718
Zeschke,Dianne,552-555-2505
Rehm,Carline,760-286-8955
Whitheld,Bobbi,290-556-7530
Vincik,Yuri,751-275-6613
Larios,Daine,639-221-3867
Lacassagne,Candy,694-442-9771
Niederkorn,Abbie,441-280-8836
Englerth,Terresa,906-920-6470
Linsay,Chun,258-411-9064
Abrachinsk,Jessika,743-724-3968
Quiambao,Glennie,331-485-3197
Dulude,Lakiesha,672-643-0445
Galano,Cruz,922-828-5807
Lemming,Jutta,605-302-2175
Klinski,Gaylene,892-509-5056
Wedwick,Nakita,347-739-8562
Lemler,Shanon,317-819-5708
Huska,Cristal,480-743-6732
Balbin,Leighann,509-437-2421
Umbel,Melissia,950-399-0040
Swallow,Jona,834-962-6117
Cashett,Laraine,843-345-0272
Slivka,Michaela,455-563-0753
Raridon,Bernadette,413-409-3594
Welz,Yu,889-627-7806
Vanderpool,Shantay,920-972-8079
Mckin,Phyliss,770-264-6089
Horsfall,Anne,706-921-7549
Schemmel,Lovetta,647-948-1653
Schulkin,Jonelle,989-822-0670
Stamand,Asha,460-925-6105
Mercante,Melania,390-794-2782
Lenorud,Flora,639-516-1544
Revell,Anabel,880-538-2961
Kovarik,Felicitas,903-519-4945
Poteat,Minna,621-454-4239
Muta,Brandon,595-712-1977
Lucksinger,Jayne,513-771-4775
Nham,Anna,552-515-4580
Hertlein,Joel,494-550-7409
Akles,Kathline,842-382-0703
Jaure,Colette,934-731-8852
Marcolina,Maurice,521-730-4956
Scarbro,Hermila,217-291-0863
Ferraris,Delta,280-217-4068
Kubera,Tanesha,313-622-5262
Montella,Renita,605-586-8517
Elbie,Charlie,520-813-2268
Cozby,Chantelle,625-775-8853
Flinn,Samira,229-581-4024
Bembi,Dorthy,895-664-9472
Vanoy,Dori,857-782-0482
Whildin,Maura,648-355-7213
Edminster,Darcy,349-902-3844
Turtle,Clemencia,833-414-9960
Madonna,Breann,435-212-1797
Carmine,Jacquetta,210-997-0466
Wickemeyer,Stepanie,274-989-9864
Demchok,Vikki,467-623-1276
Rucks,Debra,994-739-8933
Legaard,Coralie,261-228-7470
Yanan,Jami,280-357-6684
Zajicek,Kassie,283-817-9928
Devazier,Terrilyn,464-419-8734
Ledbetter,Alayna,553-378-0330
Benns,Pok,957-699-1158
Sumi,Katina,452-994-2940
Sowells,Wonda,539-628-4946
Fonda,Luise,633-757-7940
Ulicnik,Yael,508-511-9932
Waggaman,Clarence,266-474-7866
Francom,Daniele,832-634-2326
Vansteenhu,Setsuko,661-264-2434
Callendar,Lanelle,823-497-7111
Szenasi,Marion,458-395-2023
Bashara,Oda,628-723-4104
Muenkel,Abigail,549-434-1682
Thormaehle,Floy,899-392-5218
Fahlstedt,Karla,389-848-5579
Semonick,Xenia,208-706-1204
Riordan,Lavelle,447-301-6752
Stoll,Claudie,726-603-3481
Rheome,Jennine,288-937-0549
Bohner,Lynna,285-365-5691
Henscheid,Luz,661-980-2181
Strother,Breana,996-316-0050
Janeway,Lillie,510-985-4084
Laverdure,Annis,689-464-1337
Westover,Angelina,414-628-2644
Fabros,Carie,757-319-4997
Canseco,Kyong,479-574-7276
Constable,Ida,517-807-8753
Elgart,Lucinda,617-712-2574
Juliusson,Shenna,303-250-4925
Odear,Flossie,746-591-8784
Desgroseil,Katherina,615-539-7649
Harralson,Delcie,809-340-0719
Lacrosse,Barbra,392-500-5891
Hoetger,Louie,438-953-2305
Overdick,Penney,405-396-7835
Lovings,Romona,537-988-7439
Cordts,Lizabeth,293-652-7102
Stucky,Lauralee,702-508-5824
Jenney,Cami,525-445-5493
Betts,Cassie,299-942-6857
Ceballos,Jenae,594-481-7398
Sloop,Leann,731-536-8141
Blasz,Love,536-270-7503
Vanicek,Amal,389-205-3611
Dohring,Cythia,862-857-1344
Streff,Tera,661-393-5700
Gullickson,Rosanna,653-990-6974
Nabarowsky,Madalene,852-790-4921
Birkhimer,June,826-358-3530
Oschmann,Billie,849-256-7117
Trevizo,Dot,392-554-3697
Dollings,Vilma,770-368-0594
Liebeck,Gene,816-612-4516
Freiheit,Tora,214-970-1528
Shannon,Virginia,789-738-1599
Peddy,Dian,799-738-4105
Kristan,Flora,948-422-2350
Hisserich,Danna,216-599-8491
Croan,Shawna,293-687-0650
Cantoni,Laurette,698-628-2044
Meitzler,Clorinda,886-247-1332
Laborin,Francoise,844-644-0193
Lacock,Yuette,583-473-7786
Flis,Lean,712-828-6333
Fantin,Lise,240-665-8001
Galinol,Christia,662-383-3970
Slavick,Latisha,935-880-2969
Auguste,Ramona,719-306-4505
Infante,Hang,556-773-5845
Stinesprin,Trisha,388-584-0970
Minock,Leighann,448-494-2774
Bonton,Lin,860-206-8561
Leyendecke,Nakia,435-877-8629
Voll,Macie,457-695-8398
Agosti,Luetta,765-467-2306
Wisely,Shayne,994-783-5579
Mckinzy,Edra,776-560-6005
Kadelak,Chanel,308-981-5910
Bludworth,Julian,664-834-6267
Santillan,Nakia,741-514-5170
Schlitzer,Jenine,955-382-6124
Diop,Theodora,694-492-3726
Budziszews,Detra,222-431-8025
Riel,Alita,380-224-7646
Spatafore,Alisha,784-433-7460
Beuth,Rachele,404-580-0039
Claybaugh,Edyth,764-733-8450
Tustin,Laila,798-998-3779
Boe,Yulanda,214-518-0031
Oleksiak,Joye,819-277-3771
Samrah,Lorine,341-696-0095
Kesselring,Belva,221-545-5639
Muska,Jaleesa,420-924-2794
Mcdale,Gary,387-882-7849
Leonardo,Mia,268-865-4083
Cangey,Marcelina,615-296-5064
Bourraine,Kirstin,970-973-5199
Festini,Kam,317-451-1693
Saputo,Maryanne,270-979-8095
Krupinski,Stepanie,450-844-3261
Silberhorn,Chere,613-548-9186
Alverio,Annie,683-325-1979
Santheson,Dorothy,699-509-7068
Kittredge,Amanda,982-492-1570
Roehrich,Alayna,773-671-7974
Delap,Bernice,465-424-8940
Munks,Glennie,455-330-2036
Silman,Kim,985-643-8194
Croxen,Nicholle,835-545-9340
Heyliger,Jodie,957-706-3998
Wishman,Sharika,762-993-7131
Dobre,Mei,916-380-4052
Luben,Cyndi,893-452-8246
Nethken,Kecia,710-334-7667
Saborido,Bertie,864-894-3961
Pluck,Arleen,572-389-3175
Kleppe,Leola,739-411-5463
Honer,Jerrica,658-346-7839
Luchsinger,Petra,991-780-2165
Steagell,Eleanora,501-200-3987
Yanosky,Kasi,955-585-2273
Demmert,Willette,481-335-1759
Reifel,Augusta,370-225-8966
Bijan,Maryam,839-736-9240
Wilcinski,Sylvia,459-369-8694
Ellingson,Ceola,781-328-0314
Cassi,Arlyne,237-690-3769
Crepps,Yong,692-679-1665
Hulan,Lydia,483-503-5936
Calvi,Nyla,458-646-0017
Pruss,Desiree,534-221-0439
Lamountain,Cyrstal,297-260-3177
Dikes,Agueda,632-341-6175
Lesnick,Johnie,732-355-0172
Schnee,Valarie,417-506-0284
Escoto,Malia,609-438-1311
Hukle,Dorethea,994-670-9164
Fister,Evita,466-591-4252
Lauricella,Amelia,909-983-1682
Ohaver,Jovan,824-289-6657
Peatry,Tera,319-275-2342
Brezenski,Cyrstal,517-357-5275
Sevin,Winifred,823-500-4476
Croswell,Celia,450-736-6273
Kirchmeier,Bok,993-521-2090
Armengol,Ai,310-496-1401
Carnett,Shirlene,884-737-6317
Flato,Birdie,252-525-7032
Schuessler,Heather,908-613-6078
Attwell,Denisse,872-457-4782
Wohlschleg,Dianne,458-480-3553
Erbentraut,Yasmine,720-962-0687
Baudino,Mirtha,324-361-8225
Mccraig,Hailey,443-798-0444
Drivas,Penni,515-593-8907
Iacovetto,Iola,810-754-3591
Fellman,Leeann,613-840-5472
Burd,Klara,367-732-4190
Uribazo,Kacie,353-910-1553
Bartmess,Tricia,833-672-6800
Headrick,Elvira,993-940-0561
Cerezo,Chantell,280-762-7756
Sipkema,Valorie,510-245-6710
Detzel,Soon,479-727-0702
Mcelvy,Windy,891-995-0317
Sheffel,Lynn,345-479-5449
Muther,Kandis,681-931-4799
Poudrier,Frieda,401-564-2578
Emore,Jeannetta,244-322-7700
Nace,Norene,702-331-1208
Pennewell,Earlean,529-876-4707
Hawkes,Sharyl,828-540-2948
Whyard,Tricia,386-552-0523
Hollington,Margert,583-250-1161
Branagan,Hiroko,275-982-9661
Pacey,Jacqulyn,497-618-5716
Hauk,Alison,911-352-9068
Adule,Xiao,480-808-0998
Shepherd,Blanca,401-730-2425
Solders,Jann,518-499-4136
Squyres,Jackie,538-617-8374
Jacobowitz,Geraldine,874-743-9472
Forlani,Steffanie,905-962-2497
Topick,Marnie,341-287-3298
Victorino,Nyla,946-499-9761
Knipping,Marquitta,653-434-0738
Pleasure,Magaly,904-857-3847
Basua,Klara,497-542-9093
Eisenmenge,Janee,759-386-1073
Collinson,Shawanda,355-735-0746
Scobie,Lizette,236-965-1602
Notch,Kiera,423-795-6334
Cascio,Cherry,975-753-5705
Alexidor,Debbie,942-988-9815
Bernardi,Lane,345-530-6511
Blacksher,Willetta,592-925-4367
Teramoto,Adell,970-551-5550
Kirsh,Lannie,676-926-6113
Castanon,Tijuana,835-336-5679
Rouge,Rebeca,742-621-5726
Frampton,Star,561-975-8579
Abbas,Ophelia,299-474-6856
Swatman,Kam,258-572-8157
Durant,Eunice,477-267-3567
Fegaro,Argentina,518-424-9580
Dols,Gillian,746-443-5451
Vinegar,Deonna,424-998-2166
Bewley,Carleen,756-806-9636
Placek,Henry,632-340-7937
Princiotta,Parthenia,490-937-8233
Thornberry,Inell,981-289-2683
Mcdoulett,Ellie,988-530-7001
Genberg,Loida,822-983-8613
Dethomasis,Denice,794-884-3524
Hackler,Branda,693-343-7737
Chumley,Cora,572-370-8874
Hettich,Neely,906-255-2479
Youngren,Kristle,947-736-5350
Setzer,Troy,835-602-3232
Binford,Meredith,836-521-5945
Proffer,Dia,528-324-0880
Raczkowski,Dahlia,204-473-1784
Picker,Pam,366-259-3845
Testerman,Deedra,680-353-1280
Cronk,Josefa,943-738-0564
Habash,Assunta,589-619-8526
Bernardini,Felecia,492-726-1139
Matley,Maranda,496-584-0204
Knight,Michaela,254-363-1146
Cottom,Eric,559-828-9602
Wark,Kaitlyn,714-945-9861
Aranda,Mitsue,243-354-5693
Ladden,Margarete,449-736-0190
Robbins,Kaye,685-850-9351
Vonbargen,Quinn,799-400-2512
Oppenlande,Glendora,631-586-3215
Seamen,Kimiko,448-294-3476
Richeson,Marhta,512-722-3211
Kauphusman,Keren,859-336-8852
Pendola,Rachell,793-454-6234
Woodrum,Hermelinda,609-282-7658
Specter,Syreeta,729-776-4748
Semmens,Reita,386-245-3298
Vondrak,Shaneka,645-629-5395
Klingberg,Lizzie,942-425-0074
Niehaus,Harriette,904-583-0741
Ketler,Dann,757-331-6818
Quispe,Amina,773-550-1661
Manrique,Marisha,492-671-6915
Mcnicoll,Kendall,982-588-0958
Trendell,Johanne,468-802-1321
Enockson,Nevada,359-945-4132
Furtaw,Carolyn,687-940-6564
Braboy,Isobel,793-804-2014
Zubik,Rebbeca,811-407-4103
Niedermeye,Tierra,969-855-7001
Nedbalek,Crystle,571-727-5562
Dilella,Merilyn,757-995-3764
Stringfell,Veronique,391-884-9403
Makua,Tequila,576-724-7794
Bewig,Torrie,703-819-5350
Stumpf,Malena,331-233-9192
Habermann,Lorrine,502-294-9214
Bailado,Florine,417-339-4837
Ameigh,Bula,529-949-8730
Fillip,Lois,622-336-5721
Bogenschut,Rubye,275-504-7134
Runyons,Shani,528-580-3728
Lamadrid,Lezlie,486-569-9106
Duskin,Elicia,464-714-1615
Trivino,Rhona,657-482-8686
Roehrich,Oma,950-683-2662
Bilotti,Rosalina,360-305-0006
Buike,Buena,709-843-0222
Hollin,Doria,666-227-0945
Elford,Hannelore,733-280-8923
Lurie,Celena,508-611-6302
Platero,Oralia,493-829-9567
Bobrosky,Kaye,523-753-9774
Braun,Gwyn,552-396-4457
Glausier,Katerine,950-244-7578
Fontan,Raeann,470-254-9971
Alcoser,Natisha,390-980-0893
Gerard,Arline,909-995-6625
Mccament,Ashly,511-939-4411
Burris,Detra,666-844-9069
Knoff,Janean,303-541-9822
Braham,Mui,265-224-7611
Monges,Marilyn,768-257-3098
Klauser,Marlin,900-733-6995
Pala,Doria,773-536-8941
Cordray,Lona,390-826-6565
Hakala,Lucille,719-560-5598
Metayer,Dawna,301-605-0240
Spindler,Renae,406-242-8827
Bickham,Karole,985-865-2975
Sampson,Allegra,550-487-1675
Petz,Marguerita,463-605-2221
Ruhling,Tina,525-891-5811
Schaich,Halley,464-517-2674
Lasage,Deeanna,871-848-3136
Tuitt,Almeda,888-641-9506
Hantz,Glayds,395-322-0932
Boucouvala,Wilhelmina,794-591-3911
Schranz,Johnie,517-803-3898
Crognale,Charlie,992-233-9556
Lleras,Loma,553-478-0104
Graetz,Rona,796-448-3690
Auch,Lashandra,266-413-2693
Chinault,Maryann,920-480-0374
Harriger,Jazmine,745-593-9298
Bodily,Edelmira,354-614-6797
Strausner,Sherlyn,366-250-4527
Woolums,Sherril,618-309-0980
Munhall,Alida,785-897-2467
Garlits,Carmon,732-532-8890
Goldschmid,Fidelia,373-916-1337
Kuhnemund,Salley,247-319-9532
Zollo,Dorthy,421-925-8664
Mcglaughli,Ursula,749-923-1944
Sirk,Frankie,657-520-6681
Ohr,Emelda,494-838-0057
Mieczkowsk,Lashon,316-690-6482
Slama,Gracia,665-366-6879
Pulliam,Anjelica,360-628-5556
Gabriele,Anette,912-616-8016
Tarrenis,Sena,943-409-4551
Cantillo,Patrick,458-385-0846
Shatley,Lorretta,318-267-1766
Vincik,Kenya,534-381-8218
Orzech,Alisha,829-866-3099
Komosinski,Lin,637-744-3819
Krossen,Audie,945-713-8485
Tarone,Holli,557-539-0358
Lover,Heike,237-516-7509
Mcentegart,Bonny,593-612-1245
Sylva,Tawnya,272-710-5491
Deliberto,Merri,967-887-6013
Mainwaring,Jolynn,958-586-1656
Rosemore,Carmelita,306-367-2315
Kuizinas,Dannette,829-868-6835
Kalbfleisc,Laquanda,803-448-1977
Jocoy,Darcey,982-437-7283
Balint,Rosalie,906-668-1974
Menn,Viviana,333-319-8220
Cangas,Lawana,274-272-7104
Gernatt,Melodie,367-928-0057
Drumgole,Delsie,528-834-0207
Stoeger,Charisse,507-381-4870
Trumball,Lavinia,853-605-5109
Swedberg,Soraya,321-986-5574
Dispirito,Marjorie,985-516-7364
Farrill,Lelah,626-986-0782
Mcafee,Felica,850-743-3753
Pommier,Carmen,832-873-1675
Kjellsen,Isela,235-905-4907
Gascoigne,Maude,380-459-5136
Pickell,Monserrate,296-832-2012
Knap,Jeannette,980-529-0850
Tandy,Jodie,269-265-2785
Buczko,Lasandra,974-971-0310
Mcglothern,Dean,800-738-6518
Altimus,Raina,659-838-7360
Whitacre,Evelyn,781-827-8385
Bucek,Rachell,440-266-4563
Delcarlo,Delores,521-545-5478
Hilstad,Soledad,481-679-2349
Teuscher,Clare,327-980-8202
Meek,Tanisha,531-552-3993
Lembo,Rana,256-251-3426
Cimini,Deedee,677-661-2717
Dung,Olimpia,607-342-4122
Kuja,Esther,698-939-3474
Vanderhyde,Angelita,308-427-9161
Longworth,Kenyetta,986-713-3918
Pelikan,Kimbery,575-662-2656
Konn,Barb,715-882-7912
Cove,Shaunna,374-471-6837
Husak,Kari,802-322-0862
Dishman,Deedee,944-649-1567
Wierschem,Bella,622-271-1828
Janka,Nedra,923-452-0474
Ocain,Jayme,628-360-8189
Brandorff,Elaina,787-881-1653
Anter,Vera,749-937-8706
Herbin,Yuri,260-651-5977
Buglione,Elvira,547-770-2812
Hardell,Cher,804-664-5117
Grochmal,An,479-894-0879
Uttech,Jacklyn,526-673-5242
Cherrin,Nancy,687-200-5179
Lierz,Lavonia,895-907-3499
Mctaggart,Gerry,594-425-0924
Pacewicz,Daniella,866-507-3190
Domkowski,Vanessa,796-592-0562
Marchaland,Bridgett,556-277-9335
Round,Tyler,586-711-0277
Pince,Filomena,923-743-7734
Biglin,Una,795-931-7465
Washor,Ardell,421-843-0795
Gama,Migdalia,537-943-9324
Tamimi,Thomas,897-553-8490
Sollie,Genevieve,437-973-9589
Dichiaro,Hildred,991-731-2754
Raffo,Domonique,201-694-1670
Muto,Christiane,640-420-6740
Corbet,Ethelyn,630-426-3822
Mogan,Corrina,872-521-7546
Kolstad,Saturnina,883-599-8448
Bagwell,Monserrate,726-217-3485
Baek,Laurine,337-823-2838
Siebens,Tequila,481-999-4186
Balfour,Latrina,495-794-4045
Foules,Jestine,931-957-4489
Pihl,Jama,960-980-4762
Siami,Irma,386-356-2609
Valencia,Merle,361-406-1125
Vanstraten,Ardis,212-808-4021
Thixton,Judie,649-594-3991
Dusi,Nicolle,435-870-3661
Gundersen,Kourtney,657-707-0522
Bettman,Marketta,299-404-3868
Celentano,Majorie,396-635-8126
Dowen,Eustolia,574-299-6541
Kennie,Elena,962-234-5666
Rivkin,Arcelia,448-580-1411
Sallas,Rita,830-492-6874
Plummer,Jeri,845-678-9225
Packett,Cassie,474-243-9317
Wagnor,Mollie,814-548-6501
Haslinger,Marlene,603-938-8704
Riesenberg,Oliva,709-798-1883
Masudi,Janey,337-495-2540
Hood,Yuri,882-933-2824
Hefty,Angella,579-618-8486
Perpall,Margo,878-207-1636
Reyolds,Tarsha,523-236-1858
Cermak,Adelaide,401-417-1639
Sammer,Alverta,385-622-8175
Tierno,Rosy,467-734-3207
Villamar,Kris,416-713-5565
Kallenbach,Viki,304-690-4466
Fohn,Winnie,267-229-2393
Ruivo,Manie,303-692-1436
Brodnex,Tien,340-254-6656
Mosbey,Pei,645-202-9832
Floras,Kandace,264-226-4590
Church,Janine,306-639-6304
Inghram,Ebony,904-707-8952
Zarzycki,Suzanna,315-594-0242
Uzzle,Charline,304-673-8315
Torre,Nila,583-593-7583
Degroot,Sharen,812-217-6424
Ducote,Maura,402-896-5901
Eppich,Tressie,226-738-4027
Alukonis,Johnsie,358-838-5061
Cubit,Troy,725-310-7292
Margolis,Marge,363-699-5159
Krizek,Dawne,539-871-8797
Malson,Darby,536-964-9238
Williams,Flor,909-796-8055
Beller,Annie,660-881-4521
Doak,Kattie,501-284-5217
Ghianni,Agustina,382-901-6160
Dusza,Francesca,257-809-4721
Luebbe,Joanna,495-973-2575
Madere,Collene,822-507-5332
Feinman,Fredda,602-253-3900
Wenzell,Johanne,275-361-5641
Giebler,Melisa,561-919-7304
Hicklin,Ha,321-831-6909
Crandall,John,720-313-9990
Beaumonte,Lachelle,705-735-6042
Everly,Tobi,631-351-9453
Metayer,Zelda,477-589-1106
Revis,Abigail,826-623-0352
Amerson,Keeley,420-683-6334
Boyens,Garnet,996-459-1960
Dinnendahl,Pricilla,698-333-0089
Schlag,Wendolyn,289-692-3518
Frisbey,Candi,658-762-9473
Waterhouse,Lavinia,263-787-1899
Mcnaughton,Liane,570-729-8208
Halter,Joye,304-774-1831
Kuhar,Bong,659-625-9630
Minalga,Chang,521-910-0144
Ginnis,Simone,494-945-5620
Boursaw,Edith,760-709-2580
Chritton,Lona,325-834-4565
Woltmann,Rose,866-936-1366
Favuzzi,Inocencia,504-486-2955
Honeycutt,Margarette,936-744-5876
Harshaw,Shawna,331-628-3892
Kallaher,Lavelle,892-969-9817
Ladeau,Sharla,519-490-3746
Jeanbart,Belinda,739-572-7047
Lazenson,Lyndia,481-639-8842
Farner,Kerri,620-355-2077
Sheats,Brandee,836-690-0964
Mestler,Camilla,747-992-5642
Duplessy,Stephania,858-442-1018
Lieto,Milly,493-430-6984
Kie,Libby,689-487-1552
Riede,Raye,470-269-5465
Coutee,Cierra,544-211-7525
Sprain,Frieda,568-627-0488
Svec,Tequila,912-422-5201
Wagg,Magdalene,287-308-2429
Kahanek,Luetta,428-279-0990
Dase,Delorse,351-811-7894
Straugh,Enid,308-954-9596
Salmen,Soledad,586-551-0799
Schoemaker,Darnell,731-262-6991
Musto,Kitty,945-389-6962
Hains,Asley,541-498-9116
Meints,Bethel,606-498-8033
Burian,Trula,518-548-4043
Shigematsu,Janey,207-754-4724
Kitchens,Danille,968-498-6339
Bednarz,Claudie,855-380-3643
Dasouza,Candice,913-359-4185
Ellcessor,Ilda,472-679-3888
Lomas,Meagan,269-583-3204
Masucci,Jana,457-276-3187
Cavett,Marceline,755-406-0176
Bergenty,Eneida,829-868-8723
Behanna,Lasandra,676-887-1203
Fegaro,Milly,589-664-5133
Brudnicki,Honey,591-384-1347
Merrow,Catrice,597-381-8191
Olowe,Marnie,689-226-4055
Schaarschm,Brandon,471-283-9215
Sueda,Kelli,687-739-6806
Zehr,Brittni,320-976-7433
Zarate,Felicia,761-528-2399
Plahs,Holli,855-730-3473
Charbonnet,Charlotte,671-619-0562
Litter,Christian,381-424-1590
Barrier,Nydia,986-393-5614
Alliman,Diann,922-623-1929
Harradon,Corine,513-394-4387
Beverley,Tyler,499-849-6178
Crouter,Kattie,298-865-9964
Mcgillivra,Sharleen,312-924-6021
Filip,Debbi,891-570-9822
Dungy,Ana,424-690-4823
Lorello,Jeremy,464-825-5807
Houseknech,Clair,937-525-5669
Manzione,Margaret,880-703-6833
Goessl,Sabrina,579-326-8332
Grierson,Irma,752-620-2453
Moonshower,Marlena,889-888-5085
Chowansky,Claude,563-605-0025
Tinkler,Chanell,377-374-7916
Whisenant,Tania,633-882-0664
Dembroski,Wenona,200-603-6970
Lampman,Ann,460-324-6839
Colpitts,Enda,617-801-0091
Sidoti,Dusti,308-631-5234
Jekot,Cayla,240-833-6481
Larison,Kathey,510-380-0431
Eacho,Clara,557-621-3219
Readnour,Mora,458-765-6433
Ashalintub,Caryn,968-971-8935
Galdi,Irene,702-770-5838
Kus,Christel,979-691-7809
Carberry,Modesta,430-371-0183
Eckland,Julian,710-791-0996
Stiely,Callie,829-953-8231
Heidbreder,Cinderella,707-225-6994
Bomaster,Liberty,512-884-2656
Delang,Eryn,880-809-4318
Falso,Herlinda,751-217-0345
Franculli,Lanette,344-287-5730
Dewberry,Tracee,380-272-4118
Tuccillo,Angelica,809-561-8655
Raught,Kelsey,938-739-9865
Wellnitz,Vernetta,391-451-8459
Mautino,Shery,347-356-3690
Colton,Jammie,336-221-0145
Yattaw,Deanne,295-447-7989
Erdmann,Tiffanie,553-235-3098
Trabert,Latricia,483-985-7339
Norlin,Alona,785-385-3506
Deliberato,Elizebeth,521-476-2472
Brasseur,Sharri,426-976-2287
Scofield,Delpha,790-911-2841
Otto,Bernice,227-621-1390
Prusha,Mellie,893-551-8236
Pora,Tiffanie,259-569-1259
Schranz,Dorothea,974-979-4754
Dudleson,Gilberte,888-805-1310
Benware,Tressa,547-488-3678
Pfeifle,Luba,267-703-2131
Mcdanial,Maryanna,457-631-5369
Nettleton,Zoe,545-770-8644
Arrojo,Zada,207-951-2468
Beger,Carma,793-465-1046
Smallmon,Elna,591-345-4458
Odem,Kathey,862-214-8412
Chatten,Floy,696-949-3896
Pini,Noel,803-689-4652
Garder,Cheree,570-674-9246
Pizza,Ulrike,544-378-5500
Maimone,Carlos,719-751-8800
Cosme,Haydee,297-418-8646
Camarero,Lavonna,974-503-2511
Piercefiel,Emmaline,322-949-7809
Tin,Alishia,428-925-5915
Jukes,Tova,309-471-1513
Sturgell,Kimberlie,989-738-3268
Shadowens,Jeanett,590-267-7562
Bennin,Gail,716-754-4043
Eagles,Roxie,314-918-9120
Argudin,Desiree,303-280-3469
Gholar,Maile,290-341-1822
Mcnany,Kimberlie,921-755-9187
Chicles,Sheilah,598-263-5100
